,Goal Difference (Target),X1 FIFA Rank Diff (Away-Home),X2 Squad Value Diff EURm (Home-Away),X3 Squad Age Diff (Home-Away),X4 Prior WC Best Result Diff (Home-Away),X5 Qualifying GD Diff (Home-Away),X6 Host Advantage Diff (Home-Away),X7 Confederation Strength Diff (Home-Away),X8 Rest Days Diff (Home-Away)
Goal Difference (Target),1.0,0.6052360631187531,0.5442089065779986,-0.07868406376667723,0.47981860507916124,0.2921806653714547,0.14068440054505713,0.3523813286133697,0.18929602096459344
X1 FIFA Rank Diff (Away-Home),0.6052360631187531,1.0,0.6704608075165935,-0.009548297643282,0.7156647190286046,0.29384172001196734,0.1453892789397213,0.4176726799215814,0.09360272425791269
X2 Squad Value Diff EURm (Home-Away),0.5442089065779986,0.6704608075165935,1.0,-0.2835808166787694,0.797132351740345,0.2960552527055889,-0.05403558306278945,0.535053640605388,0.08646119570687462
X3 Squad Age Diff (Home-Away),-0.07868406376667723,-0.009548297643282,-0.2835808166787694,1.0,-0.08392393928150363,-0.38761653801232304,-0.0362494693448731,-0.0973496936836081,-0.014614076986288785
X4 Prior WC Best Result Diff (Home-Away),0.47981860507916124,0.7156647190286046,0.797132351740345,-0.08392393928150363,1.0,0.1685747889319649,-0.021734123560190572,0.5639319894702642,0.08070766053291331
X5 Qualifying GD Diff (Home-Away),0.2921806653714547,0.29384172001196734,0.2960552527055889,-0.38761653801232304,0.1685747889319649,1.0,-0.3550721358747904,0.3359987065204242,-0.2061331566827087
X6 Host Advantage Diff (Home-Away),0.14068440054505713,0.1453892789397213,-0.05403558306278945,-0.0362494693448731,-0.021734123560190572,-0.3550721358747904,1.0,-0.3040708531373619,0.20887375958365714
X7 Confederation Strength Diff (Home-Away),0.3523813286133697,0.4176726799215814,0.535053640605388,-0.0973496936836081,0.5639319894702642,0.3359987065204242,-0.3040708531373619,1.0,0.08076529361827599
X8 Rest Days Diff (Home-Away),0.18929602096459344,0.09360272425791269,0.08646119570687462,-0.014614076986288785,0.08070766053291331,-0.2061331566827087,0.20887375958365714,0.08076529361827599,1.0
