Match #,Stage,Group,Date,Home,Away,Home Score,Away Score,Goal Difference (Target),X1 FIFA Rank Diff (Away-Home),X2 Squad Value Diff EURm (Home-Away),X3 Squad Age Diff (Home-Away),X4 Prior WC Best Result Diff (Home-Away),X5 Qualifying GD Diff (Home-Away),X6 Host Advantage Diff (Home-Away),X7 Confederation Strength Diff (Home-Away),X8 Rest Days Diff (Home-Away),Home FIFA Rank,Away FIFA Rank,Home Squad Value EURm,Away Squad Value EURm,Home Squad Age,Away Squad Age,Home Prior-WC-Best (ordinal),Away Prior-WC-Best (ordinal),Home Qualifying GD,Away Qualifying GD,Home Confederation,Away Confederation,Home Rest Days,Away Rest Days
1,Group stage,A,2026-06-11,Mexico,South Africa,2,0,2,46,142.6,1.15,2,-6,1,-1,0,14,60,191.85,49.25,27.5,26.35,4,2,0,6,CONCACAF,CAF,14,14
2,Group stage,A,2026-06-12,South Korea,Czechia,2,1,1,15,-49.129999999999995,0.23,-2,3,0,-4,0,25,40,139.05,188.18,27.46,27.23,5,7,13,10,AFC,UEFA,14,14
3,Group stage,A,2026-06-18,Czechia,South Africa,1,1,0,20,138.93,0.88,5,4,0,2,-1,40,60,188.18,49.25,27.23,26.35,7,2,10,6,UEFA,CAF,6,7
4,Group stage,A,2026-06-18,Mexico,South Korea,1,0,1,11,52.79999999999998,0.04,-1,-13,1,1,1,14,25,191.85,139.05,27.5,27.46,4,5,0,13,CONCACAF,AFC,7,6
5,Group stage,A,2026-06-24,Czechia,Mexico,0,3,-3,-26,-3.6699999999999875,-0.27,3,10,-1,3,0,40,14,188.18,191.85,27.23,27.5,7,4,10,0,UEFA,CONCACAF,6,6
6,Group stage,A,2026-06-24,South Africa,South Korea,1,0,1,-35,-89.80000000000001,-1.11,-3,-7,0,2,0,60,25,49.25,139.05,26.35,27.46,2,5,6,13,CAF,AFC,6,6
7,Group stage,B,2026-06-12,Canada,Bosnia and Herzegovina,1,1,0,34,52.25,0.5,0,-10,1,-3,0,30,64,198.65,146.4,26.42,25.92,2,2,0,10,CONCACAF,UEFA,14,14
8,Group stage,B,2026-06-13,Qatar,Switzerland,1,1,0,-37,-312.57,1.11,-2,-18,0,-4,0,56,19,19.93,332.5,28.92,27.81,2,4,-6,12,AFC,UEFA,14,14
9,Group stage,B,2026-06-18,Switzerland,Bosnia and Herzegovina,4,1,3,45,186.1,1.89,2,2,0,0,-1,19,64,332.5,146.4,27.81,25.92,4,2,12,10,UEFA,UEFA,5,6
10,Group stage,B,2026-06-19,Canada,Qatar,6,0,6,26,178.72,-2.5,0,6,1,1,1,30,56,198.65,19.93,26.42,28.92,2,2,0,-6,CONCACAF,AFC,7,6
11,Group stage,B,2026-06-24,Switzerland,Canada,2,1,1,11,133.85,1.39,2,12,-1,3,1,19,30,332.5,198.65,27.81,26.42,4,2,12,0,UEFA,CONCACAF,6,5
12,Group stage,B,2026-06-24,Bosnia and Herzegovina,Qatar,3,1,2,-8,126.47,-3.0,0,16,0,4,1,64,56,146.4,19.93,25.92,28.92,2,2,10,-6,UEFA,AFC,6,5
13,Group stage,C,2026-06-13,Brazil,Morocco,1,1,0,1,480.50000000000006,2.73,3,-13,0,1,0,6,7,928.2,447.7,28.65,25.92,8,5,7,20,CONMEBOL,CAF,14,14
14,Group stage,C,2026-06-14,Haiti,Scotland,0,1,-1,-41,-114.35,-1.65,0,-3,0,-3,0,83,42,55.9,170.25,27.08,28.73,2,2,3,6,CONCACAF,UEFA,14,14
15,Group stage,C,2026-06-19,Scotland,Morocco,0,1,-1,-35,-277.45,2.81,-3,-14,0,2,-1,42,7,170.25,447.7,28.73,25.92,2,5,6,20,UEFA,CAF,5,6
16,Group stage,C,2026-06-20,Brazil,Haiti,3,0,3,77,872.3000000000001,1.57,6,4,0,2,1,6,83,928.2,55.9,28.65,27.08,8,2,7,3,CONMEBOL,CONCACAF,7,6
17,Group stage,C,2026-06-24,Scotland,Brazil,0,3,-3,-36,-757.95,0.08,-6,-1,0,1,1,42,6,170.25,928.2,28.73,28.65,2,8,6,7,UEFA,CONMEBOL,5,4
18,Group stage,C,2026-06-24,Morocco,Haiti,4,2,2,76,391.8,-1.16,3,17,0,1,1,7,83,447.7,55.9,25.92,27.08,5,2,20,3,CAF,CONCACAF,5,4
19,Group stage,D,2026-06-12,USA,Paraguay,4,1,3,24,231.95000000000002,-2.12,3,-4,1,-2,0,17,41,385.6,153.65,26.42,28.54,6,3,0,4,CONCACAF,CONMEBOL,14,14
20,Group stage,D,2026-06-14,Australia,Turkiye,2,0,2,-5,-396.25,-0.35,-3,2,0,-4,0,27,22,77.45,473.7,26.88,27.23,3,6,9,7,AFC,UEFA,14,14
21,Group stage,D,2026-06-19,USA,Australia,2,0,2,10,308.15000000000003,-0.46,3,-9,1,1,2,17,27,385.6,77.45,26.42,26.88,6,3,0,9,CONCACAF,AFC,7,5
22,Group stage,D,2026-06-20,Turkiye,Paraguay,0,1,-1,19,320.04999999999995,-1.31,3,3,0,1,-2,22,41,473.7,153.65,27.23,28.54,6,3,7,4,UEFA,CONMEBOL,6,8
23,Group stage,D,2026-06-25,Turkiye,USA,3,2,1,-5,88.09999999999997,0.81,0,7,-1,3,-1,22,17,473.7,385.6,27.23,26.42,6,6,7,0,UEFA,CONCACAF,5,6
24,Group stage,D,2026-06-25,Paraguay,Australia,0,0,0,-14,76.2,1.66,0,-5,0,3,-1,41,27,153.65,77.45,28.54,26.88,3,3,4,9,CONMEBOL,AFC,5,6
25,Group stage,E,2026-06-14,Germany,Curacao,7,1,6,72,921.22,0.0,7,3,0,3,0,10,82,947,25.78,27.54,27.54,8,1,13,10,UEFA,CONCACAF,14,14
26,Group stage,E,2026-06-14,Cote d'Ivoire,Ecuador,1,0,1,-10,153.40000000000003,-0.23,-1,16,0,-1,0,33,23,522.1,368.7,25.35,25.58,2,3,25,9,CAF,CONMEBOL,14,14
27,Group stage,E,2026-06-20,Germany,Cote d'Ivoire,2,1,1,23,424.9,2.19,6,-12,0,2,0,10,33,947,522.1,27.54,25.35,8,2,13,25,UEFA,CAF,6,6
28,Group stage,E,2026-06-20,Ecuador,Curacao,0,0,0,59,342.91999999999996,-1.96,2,-1,0,2,0,23,82,368.7,25.78,25.58,27.54,3,1,9,10,CONMEBOL,CONCACAF,6,6
29,Group stage,E,2026-06-25,Curacao,Cote d'Ivoire,0,2,-2,-49,-496.32000000000005,2.19,-1,-15,0,-1,0,82,33,25.78,522.1,27.54,25.35,1,2,10,25,CONCACAF,CAF,5,5
30,Group stage,E,2026-06-25,Ecuador,Germany,2,1,1,-13,-578.3,-1.96,-5,-4,0,-1,0,23,10,368.7,947,25.58,27.54,3,8,9,13,CONMEBOL,UEFA,5,5
31,Group stage,F,2026-06-14,Netherlands,Japan,2,2,0,10,483.35,0.08,4,-4,0,4,0,8,18,754.2,270.85,27.27,27.19,7,3,23,27,UEFA,AFC,14,14
32,Group stage,F,2026-06-15,Sweden,Tunisia,5,1,4,7,336.13,0.85,5,-27,0,2,0,38,45,406.08,69.95,27.0,26.15,7,2,-5,22,UEFA,CAF,14,14
33,Group stage,F,2026-06-20,Netherlands,Sweden,5,1,4,30,348.12000000000006,0.27,0,28,0,0,1,8,38,754.2,406.08,27.27,27.0,7,7,23,-5,UEFA,UEFA,6,5
34,Group stage,F,2026-06-21,Tunisia,Japan,0,4,-4,-27,-200.90000000000003,-1.04,-1,-5,0,2,-1,45,18,69.95,270.85,26.15,27.19,2,3,22,27,CAF,AFC,6,7
35,Group stage,F,2026-06-25,Japan,Sweden,1,1,0,20,-135.22999999999996,0.19,-4,32,0,-4,-1,18,38,270.85,406.08,27.19,27.0,3,7,27,-5,AFC,UEFA,4,5
36,Group stage,F,2026-06-25,Tunisia,Netherlands,1,3,-2,-37,-684.25,-1.12,-5,-1,0,-2,-1,45,8,69.95,754.2,26.15,27.27,2,7,22,23,CAF,UEFA,4,5
37,Group stage,G,2026-06-15,Belgium,Egypt,1,1,0,20,431.02,-1.57,4,4,0,2,0,9,29,547.5,116.48,27.12,28.69,6,2,22,18,UEFA,CAF,14,14
38,Group stage,G,2026-06-15,IR Iran,New Zealand,2,2,0,65,-2.4000000000000057,2.19,0,-7,0,1,0,20,85,32.05,34.45,29.81,27.62,2,2,11,18,AFC,OFC,14,14
39,Group stage,G,2026-06-21,Belgium,IR Iran,0,0,0,11,515.45,-2.69,4,11,0,4,0,9,20,547.5,32.05,27.12,29.81,6,2,22,11,UEFA,AFC,6,6
40,Group stage,G,2026-06-22,New Zealand,Egypt,1,3,-2,-56,-82.03,-1.07,0,0,0,-3,0,85,29,34.45,116.48,27.62,28.69,2,2,18,18,OFC,CAF,7,7
41,Group stage,G,2026-06-26,Egypt,IR Iran,1,1,0,-9,84.43,-1.12,0,7,0,2,-1,29,20,116.48,32.05,28.69,29.81,2,2,18,11,CAF,AFC,4,5
42,Group stage,G,2026-06-26,New Zealand,Belgium,1,5,-4,-76,-513.05,0.5,-4,-4,0,-5,-1,85,9,34.45,547.5,27.62,27.12,2,6,18,22,OFC,UEFA,4,5
43,Group stage,H,2026-06-15,Spain,Cabo Verde,0,0,0,65,1170.75,-3.04,7,11,0,2,0,2,67,1220,49.25,26.19,29.23,8,1,19,8,UEFA,CAF,14,14
44,Group stage,H,2026-06-15,Saudi Arabia,Uruguay,1,1,0,-45,-318.62,-0.23,-5,-10,0,-3,0,61,16,40.68,359.3,27.96,28.19,3,8,0,10,AFC,CONMEBOL,14,14
45,Group stage,H,2026-06-21,Spain,Saudi Arabia,4,0,4,59,1179.32,-1.77,5,19,0,4,0,2,61,1220,40.68,26.19,27.96,8,3,19,0,UEFA,AFC,6,6
46,Group stage,H,2026-06-21,Uruguay,Cabo Verde,2,2,0,51,310.05,-1.04,7,2,0,1,0,16,67,359.3,49.25,28.19,29.23,8,1,10,8,CONMEBOL,CAF,6,6
47,Group stage,H,2026-06-26,Cabo Verde,Saudi Arabia,0,0,0,-6,8.57,1.27,-2,8,0,2,0,67,61,49.25,40.68,29.23,27.96,1,3,8,0,CAF,AFC,5,5
48,Group stage,H,2026-06-26,Uruguay,Spain,0,1,-1,-14,-860.7,2.0,0,-9,0,-1,0,16,2,359.3,1220,28.19,26.19,8,8,10,19,CONMEBOL,UEFA,5,5
49,Group stage,I,2026-06-16,France,Senegal,3,1,2,12,1041.9,-0.04,4,-7,0,2,0,3,15,1520,478.1,26.58,26.62,8,4,12,19,UEFA,CAF,14,14
50,Group stage,I,2026-06-17,Iraq,Norway,1,4,-3,-26,-568.6999999999999,0.3,-1,-28,0,-4,0,57,31,21.2,589.9,26.65,26.35,2,3,4,32,AFC,UEFA,14,14
51,Group stage,I,2026-06-22,France,Iraq,3,0,3,54,1498.8,-0.07,6,8,0,4,1,3,57,1520,21.2,26.58,26.65,8,2,12,4,UEFA,AFC,6,5
52,Group stage,I,2026-06-23,Norway,Senegal,3,2,1,-16,111.79999999999995,-0.27,-1,13,0,2,-1,31,15,589.9,478.1,26.35,26.62,3,4,32,19,UEFA,CAF,6,7
53,Group stage,I,2026-06-26,Norway,France,1,4,-3,-28,-930.1,-0.23,-5,20,0,0,-1,31,3,589.9,1520,26.35,26.58,3,8,32,12,UEFA,UEFA,3,4
54,Group stage,I,2026-06-26,Senegal,Iraq,5,0,5,42,456.90000000000003,-0.03,2,15,0,2,-1,15,57,478.1,21.2,26.62,26.65,4,2,19,4,CAF,AFC,3,4
55,Group stage,J,2026-06-16,Argentina,Algeria,3,0,3,27,550.6,2.16,6,5,0,1,0,1,28,807.5,256.9,28.62,26.46,8,2,21,16,CONMEBOL,CAF,14,14
56,Group stage,J,2026-06-16,Austria,Jordan,3,1,2,39,224.89999999999998,0.04,5,10,0,4,0,24,63,245.2,20.3,28.12,28.08,6,1,18,8,UEFA,AFC,14,14
57,Group stage,J,2026-06-22,Argentina,Austria,2,0,2,23,562.3,0.5,2,3,0,-1,0,1,24,807.5,245.2,28.62,28.12,8,6,21,18,CONMEBOL,UEFA,6,6
58,Group stage,J,2026-06-22,Jordan,Algeria,1,2,-1,-35,-236.59999999999997,1.62,-1,-8,0,-2,0,63,28,20.3,256.9,28.08,26.46,1,2,8,16,AFC,CAF,6,6
59,Group stage,J,2026-06-27,Algeria,Austria,3,3,0,-4,11.699999999999989,-1.66,-4,-2,0,-2,0,28,24,256.9,245.2,26.46,28.12,2,6,16,18,CAF,UEFA,5,5
60,Group stage,J,2026-06-27,Jordan,Argentina,1,3,-2,-62,-787.2,-0.54,-7,-13,0,-3,0,63,1,20.3,807.5,28.08,28.62,1,8,8,21,AFC,CONMEBOL,5,5
61,Group stage,K,2026-06-17,Portugal,DR Congo,1,1,0,41,866.1,-0.96,4,6,0,2,0,5,46,1010,143.9,27.54,28.5,6,2,13,7,UEFA,CAF,14,14
62,Group stage,K,2026-06-17,Uzbekistan,Colombia,1,3,-2,-37,-217.02000000000004,-1.62,-3,-3,0,-3,0,50,13,85.33,302.35,27.96,29.58,1,4,7,10,AFC,CONMEBOL,14,14
63,Group stage,K,2026-06-23,Portugal,Uzbekistan,5,0,5,45,924.67,-0.42,5,6,0,4,0,5,50,1010,85.33,27.54,27.96,6,1,13,7,UEFA,AFC,6,6
64,Group stage,K,2026-06-23,Colombia,DR Congo,1,0,1,33,158.45000000000002,1.08,2,3,0,1,0,13,46,302.35,143.9,29.58,28.5,4,2,10,7,CONMEBOL,CAF,6,6
65,Group stage,K,2026-06-27,Colombia,Portugal,0,0,0,-8,-707.65,2.04,-2,-3,0,-1,0,13,5,302.35,1010,29.58,27.54,4,6,10,13,CONMEBOL,UEFA,4,4
66,Group stage,K,2026-06-27,DR Congo,Uzbekistan,3,1,2,4,58.57000000000001,0.54,1,0,0,2,0,46,50,143.9,85.33,28.5,27.96,2,1,7,7,CAF,AFC,4,4
67,Group stage,L,2026-06-17,England,Croatia,4,2,2,7,972.7,-1.26,1,0,0,0,0,4,11,1360,387.3,26.62,27.88,8,7,22,22,UEFA,UEFA,14,14
68,Group stage,L,2026-06-17,Ghana,Panama,1,0,1,-39,199.95,-3.58,2,12,0,1,0,73,34,234.5,34.55,26.42,30.0,4,2,17,5,CAF,CONCACAF,14,14
69,Group stage,L,2026-06-23,England,Ghana,0,0,0,69,1125.5,0.2,4,5,0,2,0,4,73,1360,234.5,26.62,26.42,8,4,22,17,UEFA,CAF,6,6
70,Group stage,L,2026-06-23,Panama,Croatia,0,1,-1,-23,-352.75,2.12,-5,-17,0,-3,0,34,11,34.55,387.3,30.0,27.88,2,7,5,22,CONCACAF,UEFA,6,6
71,Group stage,L,2026-06-27,Panama,England,0,2,-2,-30,-1325.45,3.38,-6,-17,0,-3,0,34,4,34.55,1360,30.0,26.62,2,8,5,22,CONCACAF,UEFA,4,4
72,Group stage,L,2026-06-27,Croatia,Ghana,2,1,1,62,152.8,1.46,3,5,0,2,0,11,73,387.3,234.5,27.88,26.42,7,4,22,17,UEFA,CAF,4,4
73,Round of 32,-,2026-06-28,Canada,South Africa,1,0,1,30,149.4,0.07,0,-6,1,-1,0,30,60,198.65,49.25,26.42,26.35,2,2,0,6,CONCACAF,CAF,4,4
74,Round of 32,-,2026-06-29,Brazil,Japan,2,1,1,12,657.35,1.46,5,-20,0,3,1,6,18,928.2,270.85,28.65,27.19,8,3,7,27,CONMEBOL,AFC,5,4
75,Round of 32,-,2026-06-29,Paraguay,Germany,1,1,0,-31,-793.35,1.0,-5,-9,0,-1,0,41,10,153.65,947,28.54,27.54,3,8,4,13,CONMEBOL,UEFA,4,4
76,Round of 32,-,2026-06-30,Morocco,Netherlands,1,1,0,1,-306.50000000000006,-1.35,-2,-3,0,-2,1,7,8,447.7,754.2,25.92,27.27,5,7,20,23,CAF,UEFA,6,5
77,Round of 32,-,2026-06-30,Norway,Cote d'Ivoire,2,1,1,2,67.79999999999995,1.0,1,7,0,2,-1,31,33,589.9,522.1,26.35,25.35,3,2,32,25,UEFA,CAF,4,5
78,Round of 32,-,2026-07-01,France,Sweden,3,0,3,35,1113.92,-0.42,1,17,0,0,-1,3,38,1520,406.08,26.58,27.0,8,7,12,-5,UEFA,UEFA,5,6
79,Round of 32,-,2026-07-01,Mexico,Ecuador,2,0,2,9,-176.85,1.92,1,-9,1,-2,1,14,23,191.85,368.7,27.5,25.58,4,3,0,9,CONCACAF,CONMEBOL,7,6
80,Round of 32,-,2026-07-01,England,DR Congo,2,1,1,42,1216.1,-1.88,6,15,0,2,0,4,46,1360,143.9,26.62,28.5,8,2,22,7,UEFA,CAF,4,4
81,Round of 32,-,2026-07-02,Belgium,Senegal,3,2,1,6,69.39999999999998,0.5,2,3,0,2,0,9,15,547.5,478.1,27.12,26.62,6,4,22,19,UEFA,CAF,6,6
82,Round of 32,-,2026-07-02,USA,Bosnia and Herzegovina,2,0,2,47,239.20000000000002,0.5,4,-10,1,-3,-1,17,64,385.6,146.4,26.42,25.92,6,2,0,10,CONCACAF,UEFA,7,8
83,Round of 32,-,2026-07-02,Spain,Austria,3,0,3,22,974.8,-1.93,2,1,0,0,1,2,24,1220,245.2,26.19,28.12,8,6,19,18,UEFA,UEFA,6,5
84,Round of 32,-,2026-07-02,Portugal,Croatia,2,1,1,6,622.7,-0.34,-1,-9,0,0,0,5,11,1010,387.3,27.54,27.88,6,7,13,22,UEFA,UEFA,5,5
85,Round of 32,-,2026-07-03,Switzerland,Algeria,2,0,2,9,75.60000000000002,1.35,2,-4,0,2,3,19,28,332.5,256.9,27.81,26.46,4,2,12,16,UEFA,CAF,9,6
86,Round of 32,-,2026-07-03,Egypt,Australia,1,1,0,-2,39.03,1.81,-1,9,0,2,-1,29,27,116.48,77.45,28.69,26.88,2,3,18,9,CAF,AFC,7,8
87,Round of 32,-,2026-07-03,Argentina,Cabo Verde,3,2,1,66,758.25,-0.61,7,13,0,1,-1,1,67,807.5,49.25,28.62,29.23,8,1,21,8,CONMEBOL,CAF,6,7
88,Round of 32,-,2026-07-03,Colombia,Ghana,1,0,1,60,67.85000000000002,3.16,0,-7,0,1,0,13,73,302.35,234.5,29.58,26.42,4,4,10,17,CONMEBOL,CAF,6,6
89,Round of 16,-,2026-07-04,Morocco,Canada,3,0,3,23,249.04999999999998,-0.5,3,20,-1,1,-2,7,30,447.7,198.65,25.92,26.42,5,2,20,0,CAF,CONCACAF,4,6
90,Round of 16,-,2026-07-04,France,Paraguay,1,0,1,38,1366.35,-1.96,5,8,0,1,-2,3,41,1520,153.65,26.58,28.54,8,3,12,4,UEFA,CONMEBOL,3,5
91,Round of 16,-,2026-07-05,Norway,Brazil,2,1,1,-25,-338.30000000000007,-2.3,-5,25,0,1,-1,31,6,589.9,928.2,26.35,28.65,3,8,32,7,UEFA,CONMEBOL,5,6
92,Round of 16,-,2026-07-05,England,Mexico,3,2,1,10,1168.15,-0.88,4,22,-1,3,0,4,14,1360,191.85,26.62,27.5,8,4,22,0,UEFA,CONCACAF,4,4
93,Round of 16,-,2026-07-06,Spain,Portugal,1,0,1,3,210,-1.35,2,6,0,0,0,2,5,1220,1010,26.19,27.54,8,6,19,13,UEFA,UEFA,4,4
94,Round of 16,-,2026-07-06,Belgium,USA,4,1,3,8,161.89999999999998,0.7,0,22,-1,3,0,9,17,547.5,385.6,27.12,26.42,6,6,22,0,UEFA,CONCACAF,4,4
95,Round of 16,-,2026-07-07,Argentina,Egypt,3,2,1,28,691.02,-0.07,6,3,0,1,0,1,29,807.5,116.48,28.62,28.69,8,2,21,18,CONMEBOL,CAF,4,4
96,Round of 16,-,2026-07-07,Switzerland,Colombia,0,0,0,-6,30.149999999999977,-1.77,0,2,0,1,0,19,13,332.5,302.35,27.81,29.58,4,4,12,10,UEFA,CONMEBOL,4,4
97,Quarter-final,-,2026-07-09,France,Morocco,2,0,2,4,1072.3,0.66,3,-8,0,2,0,3,7,1520,447.7,26.58,25.92,8,5,12,20,UEFA,CAF,5,5
98,Quarter-final,-,2026-07-10,Spain,Belgium,2,1,1,7,672.5,-0.93,2,-3,0,0,0,2,9,1220,547.5,26.19,27.12,8,6,19,22,UEFA,UEFA,4,4
99,Quarter-final,-,2026-07-10,England,Norway,2,1,1,27,770.1,0.27,5,-10,0,0,0,4,31,1360,589.9,26.62,26.35,8,3,22,32,UEFA,UEFA,5,5
100,Quarter-final,-,2026-07-11,Argentina,Switzerland,3,1,2,18,475.0,0.81,4,9,0,-1,0,1,19,807.5,332.5,28.62,27.81,8,4,21,12,CONMEBOL,UEFA,4,4
101,Semi-final,-,2026-07-14,Spain,France,2,0,2,1,-300,-0.39,0,7,0,0,-1,2,3,1220,1520,26.19,26.58,8,8,19,12,UEFA,UEFA,4,5
102,Semi-final,-,2026-07-15,Argentina,England,2,1,1,3,-552.5,2.0,0,-1,0,-1,-1,1,4,807.5,1360,28.62,26.62,8,8,21,22,CONMEBOL,UEFA,4,5
103,Third-place match,-,2026-07-18,England,France,6,4,2,-1,-160,0.04,0,10,0,0,-1,4,3,1360,1520,26.62,26.58,8,8,22,12,UEFA,UEFA,3,4
104,Final,-,2026-07-19,Spain,Argentina,1,0,1,-1,412.5,-2.43,0,-2,0,1,1,2,1,1220,807.5,26.19,28.62,8,8,19,21,UEFA,CONMEBOL,5,4
