Team,Confederation,Confederation_Tier,FIFA_Rank_11Jun2026,Squad_Value_EURm,Squad_Avg_Age,Prior_WC_Best_Category,Prior_WC_Best_Ordinal,Qualifying_GD,Is_Host
Argentina,CONMEBOL,5,1,807.5,28.62,Winner,8,21,0
Spain,UEFA,6,2,1220.0,26.19,Winner,8,19,0
France,UEFA,6,3,1520.0,26.58,Winner,8,12,0
England,UEFA,6,4,1360.0,26.62,Winner,8,22,0
Portugal,UEFA,6,5,1010.0,27.54,Third place,6,13,0
Brazil,CONMEBOL,5,6,928.2,28.65,Winner,8,7,0
Morocco,CAF,4,7,447.7,25.92,Fourth place,5,20,0
Netherlands,UEFA,6,8,754.2,27.27,Runner-up,7,23,0
Belgium,UEFA,6,9,547.5,27.12,Third place,6,22,0
Germany,UEFA,6,10,947.0,27.54,Winner,8,13,0
Croatia,UEFA,6,11,387.3,27.88,Runner-up,7,22,0
Colombia,CONMEBOL,5,13,302.35,29.58,Quarter-final,4,10,0
Mexico,CONCACAF,3,14,191.85,27.5,Quarter-final,4,0,1
Senegal,CAF,4,15,478.1,26.62,Quarter-final,4,19,0
Uruguay,CONMEBOL,5,16,359.3,28.19,Winner,8,10,0
USA,CONCACAF,3,17,385.6,26.42,Third place,6,0,1
Japan,AFC,2,18,270.85,27.19,Round of 16,3,27,0
Switzerland,UEFA,6,19,332.5,27.81,Quarter-final,4,12,0
IR Iran,AFC,2,20,32.05,29.81,Group stage,2,11,0
Turkiye,UEFA,6,22,473.7,27.23,Third place,6,7,0
Ecuador,CONMEBOL,5,23,368.7,25.58,Round of 16,3,9,0
Austria,UEFA,6,24,245.2,28.12,Third place,6,18,0
South Korea,AFC,2,25,139.05,27.46,Fourth place,5,13,0
Australia,AFC,2,27,77.45,26.88,Round of 16,3,9,0
Algeria,CAF,4,28,256.9,26.46,Group stage,2,16,0
Egypt,CAF,4,29,116.48,28.69,Group stage,2,18,0
Canada,CONCACAF,3,30,198.65,26.42,Group stage,2,0,1
Norway,UEFA,6,31,589.9,26.35,Round of 16,3,32,0
Cote d'Ivoire,CAF,4,33,522.1,25.35,Group stage,2,25,0
Panama,CONCACAF,3,34,34.55,30.0,Group stage,2,5,0
Sweden,UEFA,6,38,406.08,27.0,Runner-up,7,-5,0
Czechia,UEFA,6,40,188.18,27.23,Runner-up,7,10,0
Paraguay,CONMEBOL,5,41,153.65,28.54,Round of 16,3,4,0
Scotland,UEFA,6,42,170.25,28.73,Group stage,2,6,0
Tunisia,CAF,4,45,69.95,26.15,Group stage,2,22,0
DR Congo,CAF,4,46,143.9,28.5,Group stage,2,7,0
Uzbekistan,AFC,2,50,85.33,27.96,Never qualified,1,7,0
Qatar,AFC,2,56,19.93,28.92,Group stage,2,-6,0
Iraq,AFC,2,57,21.2,26.65,Group stage,2,4,0
South Africa,CAF,4,60,49.25,26.35,Group stage,2,6,0
Saudi Arabia,AFC,2,61,40.68,27.96,Round of 16,3,0,0
Jordan,AFC,2,63,20.3,28.08,Never qualified,1,8,0
Bosnia and Herzegovina,UEFA,6,64,146.4,25.92,Group stage,2,10,0
Cabo Verde,CAF,4,67,49.25,29.23,Never qualified,1,8,0
Ghana,CAF,4,73,234.5,26.42,Quarter-final,4,17,0
Curacao,CONCACAF,3,82,25.78,27.54,Never qualified,1,10,0
Haiti,CONCACAF,3,83,55.9,27.08,Group stage,2,3,0
New Zealand,OFC,1,85,34.45,27.62,Group stage,2,18,0
