Stage,Group,Date,Home,Home Score,Away Score,Away,Notes
Group stage,A,2026-06-11,Mexico,2,0,South Africa,
Group stage,A,2026-06-12,South Korea,2,1,Czechia,
Group stage,A,2026-06-18,Czechia,1,1,South Africa,
Group stage,A,2026-06-18,Mexico,1,0,South Korea,
Group stage,A,2026-06-24,Czechia,0,3,Mexico,
Group stage,A,2026-06-24,South Africa,1,0,South Korea,
Group stage,B,2026-06-12,Canada,1,1,Bosnia and Herzegovina,
Group stage,B,2026-06-13,Qatar,1,1,Switzerland,
Group stage,B,2026-06-18,Switzerland,4,1,Bosnia and Herzegovina,
Group stage,B,2026-06-19,Canada,6,0,Qatar,
Group stage,B,2026-06-24,Switzerland,2,1,Canada,
Group stage,B,2026-06-24,Bosnia and Herzegovina,3,1,Qatar,
Group stage,C,2026-06-13,Brazil,1,1,Morocco,
Group stage,C,2026-06-14,Haiti,0,1,Scotland,
Group stage,C,2026-06-19,Scotland,0,1,Morocco,
Group stage,C,2026-06-20,Brazil,3,0,Haiti,
Group stage,C,2026-06-24,Scotland,0,3,Brazil,
Group stage,C,2026-06-24,Morocco,4,2,Haiti,
Group stage,D,2026-06-12,USA,4,1,Paraguay,
Group stage,D,2026-06-14,Australia,2,0,Turkiye,
Group stage,D,2026-06-19,USA,2,0,Australia,
Group stage,D,2026-06-20,Turkiye,0,1,Paraguay,
Group stage,D,2026-06-25,Turkiye,3,2,USA,
Group stage,D,2026-06-25,Paraguay,0,0,Australia,
Group stage,E,2026-06-14,Germany,7,1,Curacao,
Group stage,E,2026-06-14,Cote d'Ivoire,1,0,Ecuador,
Group stage,E,2026-06-20,Germany,2,1,Cote d'Ivoire,
Group stage,E,2026-06-20,Ecuador,0,0,Curacao,
Group stage,E,2026-06-25,Curacao,0,2,Cote d'Ivoire,
Group stage,E,2026-06-25,Ecuador,2,1,Germany,
Group stage,F,2026-06-14,Netherlands,2,2,Japan,
Group stage,F,2026-06-15,Sweden,5,1,Tunisia,
Group stage,F,2026-06-20,Netherlands,5,1,Sweden,
Group stage,F,2026-06-21,Tunisia,0,4,Japan,
Group stage,F,2026-06-25,Japan,1,1,Sweden,
Group stage,F,2026-06-25,Tunisia,1,3,Netherlands,
Group stage,G,2026-06-15,Belgium,1,1,Egypt,
Group stage,G,2026-06-15,IR Iran,2,2,New Zealand,
Group stage,G,2026-06-21,Belgium,0,0,IR Iran,
Group stage,G,2026-06-22,New Zealand,1,3,Egypt,
Group stage,G,2026-06-26,Egypt,1,1,IR Iran,
Group stage,G,2026-06-26,New Zealand,1,5,Belgium,
Group stage,H,2026-06-15,Spain,0,0,Cabo Verde,
Group stage,H,2026-06-15,Saudi Arabia,1,1,Uruguay,
Group stage,H,2026-06-21,Spain,4,0,Saudi Arabia,
Group stage,H,2026-06-21,Uruguay,2,2,Cabo Verde,
Group stage,H,2026-06-26,Cabo Verde,0,0,Saudi Arabia,
Group stage,H,2026-06-26,Uruguay,0,1,Spain,
Group stage,I,2026-06-16,France,3,1,Senegal,
Group stage,I,2026-06-17,Iraq,1,4,Norway,
Group stage,I,2026-06-22,France,3,0,Iraq,
Group stage,I,2026-06-23,Norway,3,2,Senegal,
Group stage,I,2026-06-26,Norway,1,4,France,
Group stage,I,2026-06-26,Senegal,5,0,Iraq,
Group stage,J,2026-06-16,Argentina,3,0,Algeria,
Group stage,J,2026-06-16,Austria,3,1,Jordan,
Group stage,J,2026-06-22,Argentina,2,0,Austria,
Group stage,J,2026-06-22,Jordan,1,2,Algeria,
Group stage,J,2026-06-27,Algeria,3,3,Austria,
Group stage,J,2026-06-27,Jordan,1,3,Argentina,
Group stage,K,2026-06-17,Portugal,1,1,DR Congo,
Group stage,K,2026-06-17,Uzbekistan,1,3,Colombia,
Group stage,K,2026-06-23,Portugal,5,0,Uzbekistan,
Group stage,K,2026-06-23,Colombia,1,0,DR Congo,
Group stage,K,2026-06-27,Colombia,0,0,Portugal,
Group stage,K,2026-06-27,DR Congo,3,1,Uzbekistan,
Group stage,L,2026-06-17,England,4,2,Croatia,
Group stage,L,2026-06-17,Ghana,1,0,Panama,
Group stage,L,2026-06-23,England,0,0,Ghana,
Group stage,L,2026-06-23,Panama,0,1,Croatia,
Group stage,L,2026-06-27,Panama,0,2,England,
Group stage,L,2026-06-27,Croatia,2,1,Ghana,
Round of 32,-,2026-06-28,Canada,1,0,South Africa,
Round of 32,-,2026-06-29,Brazil,2,1,Japan,
Round of 32,-,2026-06-29,Paraguay,1,1,Germany,Paraguay won on penalties
Round of 32,-,2026-06-30,Morocco,1,1,Netherlands,Morocco won on penalties
Round of 32,-,2026-06-30,Norway,2,1,Cote d'Ivoire,
Round of 32,-,2026-07-01,France,3,0,Sweden,
Round of 32,-,2026-07-01,Mexico,2,0,Ecuador,
Round of 32,-,2026-07-01,England,2,1,DR Congo,
Round of 32,-,2026-07-02,Belgium,3,2,Senegal,Belgium won after extra time
Round of 32,-,2026-07-02,USA,2,0,Bosnia and Herzegovina,
Round of 32,-,2026-07-02,Spain,3,0,Austria,
Round of 32,-,2026-07-02,Portugal,2,1,Croatia,
Round of 32,-,2026-07-03,Switzerland,2,0,Algeria,
Round of 32,-,2026-07-03,Egypt,1,1,Australia,Egypt won on penalties
Round of 32,-,2026-07-03,Argentina,3,2,Cabo Verde,Argentina won after extra time
Round of 32,-,2026-07-03,Colombia,1,0,Ghana,
Round of 16,-,2026-07-04,Morocco,3,0,Canada,
Round of 16,-,2026-07-04,France,1,0,Paraguay,
Round of 16,-,2026-07-05,Norway,2,1,Brazil,
Round of 16,-,2026-07-05,England,3,2,Mexico,
Round of 16,-,2026-07-06,Spain,1,0,Portugal,
Round of 16,-,2026-07-06,Belgium,4,1,USA,
Round of 16,-,2026-07-07,Argentina,3,2,Egypt,
Round of 16,-,2026-07-07,Switzerland,0,0,Colombia,Switzerland won on penalties after extra time
Quarter-final,-,2026-07-09,France,2,0,Morocco,
Quarter-final,-,2026-07-10,Spain,2,1,Belgium,
Quarter-final,-,2026-07-10,England,2,1,Norway,England won after extra time
Quarter-final,-,2026-07-11,Argentina,3,1,Switzerland,Argentina won after extra time
Semi-final,-,2026-07-14,Spain,2,0,France,
Semi-final,-,2026-07-15,Argentina,2,1,England,
Third-place match,-,2026-07-18,England,6,4,France,
Final,-,2026-07-19,Spain,1,0,Argentina,Spain won after extra time
